{"cameraMode":{"drawMode":0,"name":"Shaded","section":"Shading Mode"},"sceneLighting":false,"audioPlay":false,"sceneViewState":{"showFog":true,"showMaterialUpdate":false,"showSkybox":true,"showFlares":true,"showImageEffects":true,"showParticleSystems":true},"in2DMode":false,"pivot":{"x":-1.1478497982025147,"y":5.281684398651123,"z":31.43819236755371},"rotation":{"x":-0.2908634841442108,"y":0.5448381900787354,"z":-0.20901311933994294,"w":-0.7581992745399475},"size":20.765504837036134,"orthographic":false}